{"cameraMode":{"drawMode":0,"name":"Shaded","section":"Shading Mode"},"sceneLighting":true,"audioPlay":false,"sceneViewState":{"showFog":true,"showMaterialUpdate":false,"showSkybox":true,"showFlares":true,"showImageEffects":true,"showParticleSystems":true},"in2DMode":false,"pivot":{"x":100.57038879394531,"y":10.714037895202637,"z":295.8671875},"rotation":{"x":0.2172294408082962,"y":0.014641344547271729,"z":-0.0032584660220891239,"w":0.9760061502456665},"size":0.21907301247119904,"orthographic":true}