{"cameraMode":{"drawMode":0,"name":"Shaded","section":"Shading Mode"},"sceneLighting":false,"audioPlay":false,"sceneViewState":{"showFog":true,"showMaterialUpdate":false,"showSkybox":false,"showFlares":true,"showImageEffects":true,"showParticleSystems":true},"in2DMode":false,"pivot":{"x":3.1167197227478029,"y":-0.06263494491577149,"z":0.06709527969360352},"rotation":{"x":0.18272767961025239,"y":0.735429048538208,"z":-0.21857863664627076,"w":0.6148012280464172},"size":10.282491683959961,"orthographic":false}