{"cameraMode":{"drawMode":0,"name":"Shaded","section":"Shading Mode"},"sceneLighting":true,"audioPlay":false,"sceneViewState":{"showFog":true,"showMaterialUpdate":false,"showSkybox":true,"showFlares":true,"showImageEffects":true,"showParticleSystems":true},"in2DMode":false,"pivot":{"x":59.01605224609375,"y":13.410675048828125,"z":246.3705596923828},"rotation":{"x":0.04151826351881027,"y":0.6275102496147156,"z":-0.033539220690727237,"w":0.7767800688743591},"size":5.305405616760254,"orthographic":false}